benefit,contact_cost,top_10pct_proxy_profit,random_10pct_expected_proxy_profit,all_proxy_profit
25,2,10177.0,4703.541636319495,47024.0
25,5,7705.0,2231.541636319495,22310.0
25,10,3585.0,-1888.458363680505,-18880.0
25,20,-4655.0,-10128.458363680505,-101260.0
50,2,22002.0,11055.08327263899,110524.0
50,5,19530.0,8583.08327263899,85810.0
50,10,15410.0,4463.08327263899,44620.0
50,20,7170.0,-3776.91672736101,-37760.0
100,2,45652.0,23758.16654527798,237524.0
100,5,43180.0,21286.16654527798,212810.0
100,10,39060.0,17166.16654527798,171620.0
100,20,30820.0,8926.16654527798,89240.0
150,2,69302.0,36461.24981791697,364524.0
150,5,66830.0,33989.24981791697,339810.0
150,10,62710.0,29869.24981791697,298620.0
150,20,54470.0,21629.24981791697,216240.0
200,2,92952.0,49164.33309055596,491524.0
200,5,90480.0,46692.33309055596,466810.0
200,10,86360.0,42572.33309055596,425620.0
200,20,78120.0,34332.33309055596,343240.0
