feature,mean_ap_drop,std_ap_drop
pdays,0.11189381288857629,0.0037015650324203325
poutcome,0.054191688840302246,0.0028136245843428534
job,0.03329319081662544,0.0038341626638115256
education,0.005651575308875256,0.0011328373305482566
default,0.0043730291552558035,0.0006872595402262932
loan,0.00014620572687782385,8.980836848828338e-05
housing,-4.097210106462912e-05,0.0002927042136751277
marital,-0.0028466791589106697,0.0012671989670739311
age,-0.005673217043322376,0.001722366504470335
previous,-0.014666700402147159,0.001991297766367977
