threshold,proxy_profit,contact_rate
0.01,28805.0,1.0
0.014966442953020135,28805.0,1.0
0.019932885906040268,28805.0,1.0
0.024899328859060404,28805.0,1.0
0.029865771812080534,28805.0,1.0
0.03483221476510067,28805.0,1.0
0.03979865771812081,28805.0,1.0
0.04476510067114094,28805.0,1.0
0.04973154362416107,28810.0,0.9997572226268512
0.05469798657718121,28815.0,0.9995144452537024
0.05966442953020134,28755.0,0.9975722262685117
0.06463087248322147,28710.0,0.9949016751638747
0.0695973154362416,28670.0,0.9919883466860888
0.07456375838926174,28740.0,0.9837339159990289
0.07953020134228186,28395.0,0.961641175042486
0.084496644295302,28525.0,0.926195678562758
0.08946308724832214,28615.0,0.8829813061422676
0.09442953020134227,27770.0,0.8366108278708424
0.09939597315436241,26000.0,0.7817431415392085
0.10436241610738253,24545.0,0.7067249332362224
0.10932885906040267,22595.0,0.5829084729303229
0.1142953020134228,19670.0,0.45302257829570286
0.11926174496644294,17415.0,0.3391599902889051
0.12422818791946308,15135.0,0.25078902646273366
0.12919463087248323,12095.0,0.18475358096625394
0.13416107382550335,10945.0,0.1434814275309541
0.1391275167785235,8755.0,0.10900704054382132
0.14409395973154362,7305.0,0.0871570769604273
0.14906040268456375,6470.0,0.07428987618353969
0.1540268456375839,6225.0,0.0667637776159262
0.15899328859060402,6010.0,0.06263656227239621
0.16395973154362417,5855.0,0.06045156591405681
0.1689261744966443,5590.0,0.058752124302015055
0.17389261744966442,5350.0,0.05583879582422918
0.17885906040268457,5015.0,0.05268268997329449
0.1838255033557047,5065.0,0.050254916241806266
0.18879194630872484,4740.0,0.04661325564457393
0.19375838926174496,4330.0,0.04224326292789512
0.19872483221476508,4080.0,0.03981548919640689
0.20369127516778524,4020.0,0.037873270211216316
0.20865771812080536,3660.0,0.03593105122602573
0.2136241610738255,3580.0,0.03495994173343044
0.21859060402684563,3520.0,0.033017722748239865
0.22355704697986575,3550.0,0.03156105850934693
0.2285234899328859,3310.0,0.02864773003156106
0.23348993288590603,2595.0,0.024520514688031077
0.23845637583892618,2100.0,0.019422189851905802
0.2434228187919463,2035.0,0.017722748239864045
0.24838926174496645,1795.0,0.014809419762078174
0.2533557046979866,1720.0,0.013595532896334061
0.2583221476510067,1640.0,0.01262442340373877
0.2632885906040268,1360.0,0.011653313911143482
0.268255033557047,1375.0,0.010924981791697014
0.2732214765100671,1190.0,0.010196649672250545
0.27818791946308724,1195.0,0.009953872299101723
0.28315436241610736,1195.0,0.009953872299101723
0.2881208053691275,1005.0,0.009468317552804079
0.29308724832214766,1005.0,0.009468317552804079
0.2980536912751678,1005.0,0.009468317552804079
0.3030201342281879,1005.0,0.009468317552804079
0.30798657718120803,910.0,0.009225540179655257
0.31295302013422815,910.0,0.009225540179655257
0.31791946308724833,910.0,0.009225540179655257
0.32288590604026846,910.0,0.009225540179655257
0.3278523489932886,910.0,0.009225540179655257
0.3328187919463087,915.0,0.008982762806506433
0.3377852348993288,915.0,0.008982762806506433
0.342751677852349,920.0,0.00873998543335761
0.3477181208053691,920.0,0.00873998543335761
0.35268456375838925,925.0,0.008497208060208788
0.35765100671140937,925.0,0.008497208060208788
0.3626174496644295,925.0,0.008497208060208788
0.36758389261744967,925.0,0.008497208060208788
0.3725503355704698,925.0,0.008497208060208788
0.3775167785234899,930.0,0.008254430687059966
0.38248322147651004,930.0,0.008254430687059966
0.38744966442953016,835.0,0.008011653313911144
0.39241610738255034,835.0,0.008011653313911144
0.39738255033557046,835.0,0.008011653313911144
0.4023489932885906,840.0,0.007768875940762321
0.4073154362416107,840.0,0.007768875940762321
0.41228187919463083,840.0,0.007768875940762321
0.417248322147651,840.0,0.007768875940762321
0.42221476510067113,840.0,0.007768875940762321
0.42718120805369125,845.0,0.007526098567613498
0.4321476510067114,845.0,0.007526098567613498
0.4371140939597315,845.0,0.007526098567613498
0.4420805369127517,850.0,0.007283321194464676
0.4470469798657718,850.0,0.007283321194464676
0.4520134228187919,850.0,0.007283321194464676
0.45697986577181204,755.0,0.007040543821315854
0.46194630872483217,755.0,0.007040543821315854
0.46691275167785234,755.0,0.007040543821315854
0.47187919463087247,755.0,0.007040543821315854
0.4768456375838926,760.0,0.006797766448167031
0.4818120805369127,760.0,0.006797766448167031
0.4867785234899329,675.0,0.006069434328720563
0.491744966442953,675.0,0.006069434328720563
0.49671140939597314,675.0,0.006069434328720563
0.5016778523489932,680.0,0.005826656955571741
0.5066442953020134,680.0,0.005826656955571741
0.5116107382550336,685.0,0.005583879582422918
0.5165771812080536,690.0,0.005341102209274096
0.5215436241610738,690.0,0.005341102209274096
0.526510067114094,690.0,0.005341102209274096
0.531476510067114,690.0,0.005341102209274096
0.5364429530201342,690.0,0.005341102209274096
0.5414093959731543,600.0,0.004855547462976451
0.5463758389261745,505.0,0.004612770089827628
0.5513422818791947,505.0,0.004612770089827628
0.5563087248322147,415.0,0.004127215343529983
0.5612751677852349,420.0,0.0038844379703811605
0.566241610738255,425.0,0.003641660597232338
0.5712080536912751,430.0,0.0033988832240835153
0.5761744966442953,435.0,0.0031561058509346927
0.5811409395973154,440.0,0.0029133284777858705
0.5861073825503356,440.0,0.0029133284777858705
0.5910738255033556,250.0,0.0024277737314882253
0.5960402684563758,250.0,0.0024277737314882253
0.601006711409396,250.0,0.0024277737314882253
0.605973154362416,155.0,0.0021849963583394027
0.6109395973154362,155.0,0.0021849963583394027
0.6159060402684563,165.0,0.0016994416120417577
0.6208724832214765,165.0,0.0016994416120417577
0.6258389261744967,170.0,0.0014566642388929353
0.6308053691275167,175.0,0.0012138868657441126
0.6357718120805369,175.0,0.0012138868657441126
0.640738255033557,85.0,0.0007283321194464676
0.6457046979865771,90.0,0.00048555474629764507
0.6506711409395973,95.0,0.00024277737314882253
0.6556375838926174,95.0,0.00024277737314882253
0.6606040268456376,95.0,0.00024277737314882253
0.6655704697986576,95.0,0.00024277737314882253
0.6705369127516778,95.0,0.00024277737314882253
0.675503355704698,0.0,0.0
0.6804697986577181,0.0,0.0
0.6854362416107382,0.0,0.0
0.6904026845637583,0.0,0.0
0.6953691275167785,0.0,0.0
0.7003355704697987,0.0,0.0
0.7053020134228187,0.0,0.0
0.7102684563758389,0.0,0.0
0.715234899328859,0.0,0.0
0.7202013422818792,0.0,0.0
0.7251677852348993,0.0,0.0
0.7301342281879194,0.0,0.0
0.7351006711409396,0.0,0.0
0.7400671140939596,0.0,0.0
0.7450335570469798,0.0,0.0
0.75,0.0,0.0
